﻿{"paragraphs":[{"text":"%md\n# Datasources","user":"bd01","dateUpdated":"2021-02-04T10:28:40+0000","config":{"tableHide":false,"editorSetting":{"language":"markdown","editOnDblClick":true,"completionSupport":false},"colWidth":12,"editorMode":"ace/mode/markdown","fontSize":9,"editorHide":true,"results":{},"enabled":true},"settings":{"params":{},"forms":{}},"results":{"code":"SUCCESS","msg":[{"type":"HTML","data":"<div class=\"markdown-body\">\n<h1>Datasources</h1>\n</div>"}]},"apps":[],"jobName":"paragraph_1612434520940_609845143","id":"20210127-071031_1944670894","dateCreated":"2021-02-04T10:28:40+0000","status":"READY","errorMessage":"","progressUpdateIntervalMs":500,"focus":true,"$$hashKey":"object:34512"},{"text":"%md\nTo perform this analysis, I looked for households energy consumption data for several years. Thus, I came accross a data for several households in Konstanz, Germany. The data used include consumption of households devices such as dishwasher, freezer, heat_pump, washing_machine, circulation_pump, refrigerator, and electric vehicle (ev). Energy production of households photovoltaic systems (pv), the import and export of energy is included as well. Since data cumulatively sums up over time and I wanted to have plain kWh-values per time interval, a few data manipulation steps were necessary (see Prototype 1 and 2). \nThe data is available in a simple csv format on https://data.open-power-system-data.org/household_data/2020-04-15/. A backup of the original data and the prepared data are available on https://web.tresorit.com/l/tQeWY#E7GFEo5HKmOZA0gLNxUf_g. \n\nSince this analysis is not a big data problem, Hadoop is kind of an overkill for such an analysis. To answer this question the data could be aggregated over days or weeks and be analysed on a single local computer with Pandas. \n\nThe data provide us information about the long-term energy consumption of household devices as well as of industrial devices. However, I focus on the energy consumption of households. \n\nDescription of the dataset:\n\n> This data package contains measured time series data for several small businesses and residential households relevant for household- or low-voltage-level power system modeling. The data includes solar power generation as well as electricity consumption (load) in a resolution up to single device consumption. The starting point for the time series, as well as data quality, varies between households, with gaps spanning from a few minutes to entire days. All measurement devices provided cumulative energy consumption/generation over time. Hence overall energy consumption/generation is retained, in case of data gaps due to communication problems. Measurements were conducted 1-minute intervals, with all data made available in an interpolated, uniform and regular time interval. All data gaps are either interpolated linearly, or filled with data of prior days. Additionally, data in 15 and 60-minute resolution is provided for compatibility with other time series data. Data processing is conducted in Jupyter Notebooks/Python/pandas. (https://data.open-power-system-data.org/household_data/)","user":"bd01","dateUpdated":"2021-02-07T16:48:43+0000","config":{"colWidth":12,"fontSize":9,"enabled":true,"results":{},"editorSetting":{"language":"markdown","editOnDblClick":true,"completionKey":"TAB","completionSupport":false},"editorMode":"ace/mode/markdown","editorHide":true,"tableHide":false},"settings":{"params":{},"forms":{}},"results":{"code":"SUCCESS","msg":[{"type":"HTML","data":"<div class=\"markdown-body\">\n<p>To perform this analysis, I looked for households energy consumption data for several years. Thus, I came accross a data for several households in Konstanz, Germany. The data used include consumption of households devices such as dishwasher, freezer, heat_pump, washing_machine, circulation_pump, refrigerator, and electric vehicle (ev). Energy production of households photovoltaic systems (pv), the import and export of energy is included as well. Since data cumulatively sums up over time and I wanted to have plain kWh-values per time interval, a few data manipulation steps were necessary (see Prototype 1 and 2).<br/>The data is available in a simple csv format on <a href=\"https://data.open-power-system-data.org/household_data/2020-04-15/\">https://data.open-power-system-data.org/household_data/2020-04-15/</a>. A backup of the original data and the prepared data are available on <a href=\"https://web.tresorit.com/l/tQeWY#E7GFEo5HKmOZA0gLNxUf_g\">https://web.tresorit.com/l/tQeWY#E7GFEo5HKmOZA0gLNxUf_g</a>. </p>\n<p>Since this analysis is not a big data problem, Hadoop is kind of an overkill for such an analysis. To answer this question the data could be aggregated over days or weeks and be analysed on a single local computer with Pandas. </p>\n<p>The data provide us information about the long-term energy consumption of household devices as well as of industrial devices. However, I focus on the energy consumption of households. </p>\n<p>Description of the dataset:</p>\n<blockquote>\n  <p>This data package contains measured time series data for several small businesses and residential households relevant for household- or low-voltage-level power system modeling. The data includes solar power generation as well as electricity consumption (load) in a resolution up to single device consumption. The starting point for the time series, as well as data quality, varies between households, with gaps spanning from a few minutes to entire days. All measurement devices provided cumulative energy consumption/generation over time. Hence overall energy consumption/generation is retained, in case of data gaps due to communication problems. Measurements were conducted 1-minute intervals, with all data made available in an interpolated, uniform and regular time interval. All data gaps are either interpolated linearly, or filled with data of prior days. Additionally, data in 15 and 60-minute resolution is provided for compatibility with other time series data. Data processing is conducted in Jupyter Notebooks/Python/pandas. (<a href=\"https://data.open-power-system-data.org/household_data/\">https://data.open-power-system-data.org/household_data/</a>)</p>\n</blockquote>\n</div>"}]},"apps":[],"jobName":"paragraph_1612447176261_669808533","id":"20210204-135936_967777869","dateCreated":"2021-02-04T13:59:36+0000","dateStarted":"2021-02-07T16:48:43+0000","dateFinished":"2021-02-07T16:48:43+0000","status":"FINISHED","progressUpdateIntervalMs":500,"$$hashKey":"object:34513"},{"text":"%md\n","user":"bd01","dateUpdated":"2021-02-04T14:02:48+0000","config":{"colWidth":12,"fontSize":9,"enabled":true,"results":{},"editorSetting":{"language":"scala","editOnDblClick":false,"completionKey":"TAB","completionSupport":true},"editorMode":"ace/mode/scala"},"settings":{"params":{},"forms":{}},"apps":[],"jobName":"paragraph_1612447368886_-455369199","id":"20210204-140248_1843283297","dateCreated":"2021-02-04T14:02:48+0000","status":"READY","progressUpdateIntervalMs":500,"$$hashKey":"object:34514"}],"name":"MEP / wdgubser / 100 Datasources","id":"2FXHBTKSY","noteParams":{},"noteForms":{},"angularObjects":{"md:shared_process":[],"shUser:bd01:":[],"sh:shared_process":[],"jdbc:shared_process":[],"spark2:shared_process":[]},"config":{"isZeppelinNotebookCronEnable":false,"looknfeel":"default","personalizedMode":"false"},"info":{}}