﻿{"paragraphs":[{"text":"%md\n# Abstract","user":"bd01","dateUpdated":"2021-02-04T10:28:35+0000","config":{"tableHide":false,"editorSetting":{"language":"markdown","editOnDblClick":true,"completionSupport":false},"colWidth":12,"editorMode":"ace/mode/markdown","fontSize":9,"editorHide":true,"results":{},"enabled":true},"settings":{"params":{},"forms":{}},"results":{"code":"SUCCESS","msg":[{"type":"HTML","data":"<div class=\"markdown-body\">\n<h1>Abstract</h1>\n</div>"}]},"apps":[],"jobName":"paragraph_1612434515389_-1300259146","id":"20210127-071031_1944670894","dateCreated":"2021-02-04T10:28:35+0000","status":"READY","errorMessage":"","progressUpdateIntervalMs":500,"focus":true,"$$hashKey":"object:2143"},{"text":"%md\nMy Master Thesis project aims to estimate the energy consumption of every household in Switzerland. The model bases on household's and building's properties. \n\nWith this project in the course Big Data Lab 2, I wrangle with energy consumption data and do some analysis. Thereby, I identify household devices that contribute most to overall energy demand. And how much energy is produced by photovoltaic systems. \n\nThe first analysis shows, that heatpumps are the major energy consuming device, followed by electric vehicles. The energy consumption of other devices such as dishwashers and washing machine largely varies accross households and depends on households preferences and behaviour. The energy consumption of other devices such as freezers, refrigerators and circulation pumps are rather stable accross households. \n\nThe second analysis shows, that pv generated energy can cover a large share of households overall energy consumption. Where as these installation produces the by far largest part of energy during middays in summer, they show a surprisingly substantial energy production also during middays in winter. \n\nThe analysis was performed using Zeppelin notebooks and Spark (Spark DF and Spark SQL). \n\n","user":"bd01","dateUpdated":"2021-02-07T15:34:41+0000","config":{"editorSetting":{"language":"markdown","editOnDblClick":true,"completionSupport":false},"colWidth":12,"editorMode":"ace/mode/markdown","fontSize":9,"results":{},"enabled":true,"editorHide":true,"tableHide":false},"settings":{"params":{},"forms":{}},"results":{"code":"SUCCESS","msg":[{"type":"HTML","data":"<div class=\"markdown-body\">\n<p>My Master Thesis project aims to estimate the energy consumption of every household in Switzerland. The model bases on household&rsquo;s and building&rsquo;s properties. </p>\n<p>With this project in the course Big Data Lab 2, I wrangle with energy consumption data and do some analysis. Thereby, I identify household devices that contribute most to overall energy demand. And how much energy is produced by photovoltaic systems. </p>\n<p>The first analysis shows, that heatpumps are the major energy consuming device, followed by electric vehicles. The energy consumption of other devices such as dishwashers and washing machine largely varies accross households and depends on households preferences and behaviour. The energy consumption of other devices such as freezers, refrigerators and circulation pumps are rather stable accross households. </p>\n<p>The second analysis shows, that pv generated energy can cover a large share of households overall energy consumption. Where as these installation produces the by far largest part of energy during middays in summer, they show a surprisingly substantial energy production also during middays in winter. </p>\n<p>The analysis was performed using Zeppelin notebooks and Spark (Spark DF and Spark SQL).</p>\n</div>"}]},"apps":[],"jobName":"paragraph_1612434515395_-2083073","id":"20210127-071046_672134150","dateCreated":"2021-02-04T10:28:35+0000","dateStarted":"2021-02-07T15:34:41+0000","dateFinished":"2021-02-07T15:34:41+0000","status":"FINISHED","progressUpdateIntervalMs":500,"$$hashKey":"object:2144"},{"text":"%md\n","user":"bd01","dateUpdated":"2021-02-05T10:14:33+0000","config":{"colWidth":12,"fontSize":9,"enabled":true,"results":{},"editorSetting":{"language":"scala","editOnDblClick":false,"completionKey":"TAB","completionSupport":true},"editorMode":"ace/mode/scala"},"settings":{"params":{},"forms":{}},"apps":[],"jobName":"paragraph_1612520073994_58367811","id":"20210205-101433_1274042591","dateCreated":"2021-02-05T10:14:33+0000","status":"READY","progressUpdateIntervalMs":500,"$$hashKey":"object:2145"}],"name":"MEP / wdgubser / 010 Abstract","id":"2FY34P292","noteParams":{},"noteForms":{},"angularObjects":{"md:shared_process":[],"shUser:bd01:":[],"sh:shared_process":[],"jdbc:shared_process":[],"spark2:shared_process":[]},"config":{"isZeppelinNotebookCronEnable":false,"looknfeel":"default","personalizedMode":"false"},"info":{}}