﻿{"paragraphs":[{"text":"%md\n# Planning","user":"bd01","dateUpdated":"2021-02-04T10:28:46+0000","config":{"tableHide":false,"editorSetting":{"language":"markdown","editOnDblClick":true,"completionSupport":false},"colWidth":12,"editorMode":"ace/mode/markdown","fontSize":9,"editorHide":true,"results":{},"enabled":true},"settings":{"params":{},"forms":{}},"results":{"code":"SUCCESS","msg":[{"type":"HTML","data":"<div class=\"markdown-body\">\n<h1>Planning</h1>\n</div>"}]},"apps":[],"jobName":"paragraph_1612434526727_787025172","id":"20210127-071031_1944670894","dateCreated":"2021-02-04T10:28:46+0000","status":"READY","errorMessage":"","progressUpdateIntervalMs":500,"focus":true,"$$hashKey":"object:6161"},{"text":"%md\n\n* Data Manipulation: At first I loaded via curl into a Spark DF and tried to perform the data wrangling steps with PySpark in Zeppelin (see Prototype 1). However, it was quite laborious and challenging. Thus, I performed the steps on my local computer using Pandas in PyCharm. \n* Data Load into GW, HDFS and Spark (see Prototype 2)\n* Analyse the data and visualize insights. \n\n","user":"bd01","dateUpdated":"2021-02-07T16:28:14+0000","config":{"editorSetting":{"language":"markdown","editOnDblClick":true,"completionSupport":false},"colWidth":12,"editorMode":"ace/mode/markdown","fontSize":9,"results":{},"enabled":true,"editorHide":true,"tableHide":false},"settings":{"params":{},"forms":{}},"results":{"code":"SUCCESS","msg":[{"type":"HTML","data":"<div class=\"markdown-body\">\n<ul>\n  <li>Data Manipulation: At first I loaded via curl into a Spark DF and tried to perform the data wrangling steps with PySpark in Zeppelin (see Prototype 1). However, it was quite laborious and challenging. Thus, I performed the steps on my local computer using Pandas in PyCharm.</li>\n  <li>Data Load into GW, HDFS and Spark (see Prototype 2)</li>\n  <li>Analyse the data and visualize insights.</li>\n</ul>\n</div>"}]},"apps":[],"jobName":"paragraph_1612434526728_-1453806599","id":"20210127-071046_672134150","dateCreated":"2021-02-04T10:28:46+0000","dateStarted":"2021-02-07T16:28:14+0000","dateFinished":"2021-02-07T16:28:14+0000","status":"FINISHED","progressUpdateIntervalMs":500,"$$hashKey":"object:6162"},{"text":"%md\n","user":"bd01","dateUpdated":"2021-02-04T16:30:38+0000","config":{"colWidth":12,"fontSize":9,"enabled":true,"results":{},"editorSetting":{}},"settings":{"params":{},"forms":{}},"apps":[],"jobName":"paragraph_1612456238016_1793938360","id":"20210204-163038_1424657819","dateCreated":"2021-02-04T16:30:38+0000","status":"READY","progressUpdateIntervalMs":500,"$$hashKey":"object:6163"}],"name":"MEP / wdgubser / 200 Planning","id":"2FXU97PGN","noteParams":{},"noteForms":{},"angularObjects":{"md:shared_process":[],"shUser:bd01:":[],"sh:shared_process":[],"jdbc:shared_process":[],"spark2:shared_process":[]},"config":{"isZeppelinNotebookCronEnable":false,"looknfeel":"default","personalizedMode":"false"},"info":{}}