﻿{"paragraphs":[{"text":"%md\n# Results","user":"bd01","dateUpdated":"2021-02-04T10:29:39+0000","config":{"tableHide":false,"editorSetting":{"language":"markdown","editOnDblClick":true,"completionSupport":false},"colWidth":12,"editorMode":"ace/mode/markdown","fontSize":9,"editorHide":true,"results":{},"enabled":true},"settings":{"params":{},"forms":{}},"results":{"code":"SUCCESS","msg":[{"type":"HTML","data":"<div class=\"markdown-body\">\n<h1>Results</h1>\n</div>"}]},"apps":[],"jobName":"paragraph_1612434579702_924035871","id":"20210127-071031_1944670894","dateCreated":"2021-02-04T10:29:39+0000","status":"READY","errorMessage":"","progressUpdateIntervalMs":500,"focus":true,"$$hashKey":"object:33368"},{"text":"%md\nThe first analysis shows, that heatpump is the major energy consuming device, followed by electric vehicles. The energy consumption of other devices such as dishwashers and washing machine largely varies accross households and depends on households preferences and behaviour. The energy consumption of other devices such as freezers, refrigerators and circulation pumps are rather stable accross households. \n\nThe second analysis shows, that pv generated energy can cover a large share of households overall energy consumption. Where as these installation produces the by far largest part of energy during middays in summer, they show a surprisingly substantial energy production also during middays in winter. ","user":"bd01","dateUpdated":"2021-02-07T16:47:23+0000","config":{"editorSetting":{"language":"markdown","editOnDblClick":true,"completionSupport":false},"colWidth":12,"editorMode":"ace/mode/markdown","fontSize":9,"results":{},"enabled":true,"editorHide":true,"tableHide":false},"settings":{"params":{},"forms":{}},"apps":[],"jobName":"paragraph_1612434579704_-1340276229","id":"20210127-071046_672134150","dateCreated":"2021-02-04T10:29:39+0000","status":"FINISHED","progressUpdateIntervalMs":500,"$$hashKey":"object:33369","dateFinished":"2021-02-07T16:47:23+0000","dateStarted":"2021-02-07T16:47:23+0000","results":{"code":"SUCCESS","msg":[{"type":"HTML","data":"<div class=\"markdown-body\">\n<p>The first analysis shows, that heatpump is the major energy consuming device, followed by electric vehicles. The energy consumption of other devices such as dishwashers and washing machine largely varies accross households and depends on households preferences and behaviour. The energy consumption of other devices such as freezers, refrigerators and circulation pumps are rather stable accross households. </p>\n<p>The second analysis shows, that pv generated energy can cover a large share of households overall energy consumption. Where as these installation produces the by far largest part of energy during middays in summer, they show a surprisingly substantial energy production also during middays in winter.</p>\n</div>"}]}},{"text":"%md\n","user":"bd01","dateUpdated":"2021-02-07T16:47:15+0000","config":{"colWidth":12,"fontSize":9,"enabled":true,"results":{},"editorSetting":{"language":"scala","editOnDblClick":false,"completionKey":"TAB","completionSupport":true},"editorMode":"ace/mode/scala"},"settings":{"params":{},"forms":{}},"apps":[],"jobName":"paragraph_1612716435158_870536505","id":"20210207-164715_1397035077","dateCreated":"2021-02-07T16:47:15+0000","status":"READY","progressUpdateIntervalMs":500,"focus":true,"$$hashKey":"object:33521"}],"name":"MEP / wdgubser / 700 Results","id":"2FZAC38K9","noteParams":{},"noteForms":{},"angularObjects":{"md:shared_process":[],"shUser:bd01:":[],"sh:shared_process":[],"jdbc:shared_process":[],"spark2:shared_process":[]},"config":{"isZeppelinNotebookCronEnable":false,"looknfeel":"default","personalizedMode":"false"},"info":{}}