﻿{"paragraphs":[{"text":"%md\n# Analysis Overview","user":"bd01","dateUpdated":"2021-02-04T10:29:19+0000","config":{"tableHide":false,"editorSetting":{"language":"markdown","editOnDblClick":true,"completionSupport":false},"colWidth":12,"editorMode":"ace/mode/markdown","fontSize":9,"editorHide":true,"results":{},"enabled":true},"settings":{"params":{},"forms":{}},"results":{"code":"SUCCESS","msg":[{"type":"HTML","data":"<div class=\"markdown-body\">\n<h1>Analysis Overview</h1>\n</div>"}]},"apps":[],"jobName":"paragraph_1612434559272_-277171272","id":"20210127-071031_1944670894","dateCreated":"2021-02-04T10:29:19+0000","status":"READY","errorMessage":"","progressUpdateIntervalMs":500,"focus":true,"$$hashKey":"object:28616"},{"text":"%md\n## Questions\n\n* Which household device is the largest driver of household's energy consumption? -> Analysis 1\n* How large is the variation across households? -> Analysis 1\n* How much energy is effectively produced by photovoltaic installations? -> Analysis 2","user":"bd01","dateUpdated":"2021-02-07T16:46:30+0000","config":{"editorSetting":{"language":"markdown","editOnDblClick":true,"completionSupport":false,"completionKey":"TAB"},"colWidth":12,"editorMode":"ace/mode/markdown","fontSize":9,"results":{},"enabled":true,"editorHide":true,"tableHide":false},"settings":{"params":{},"forms":{}},"results":{"code":"SUCCESS","msg":[{"type":"HTML","data":"<div class=\"markdown-body\">\n<h2>Questions</h2>\n<ul>\n  <li>Which household device is the largest driver of household&rsquo;s energy consumption? -&gt; Analysis 1</li>\n  <li>How large is the variation across households? -&gt; Analysis 1</li>\n  <li>How much energy is effectively produced by photovoltaic installations? -&gt; Analysis 2</li>\n</ul>\n</div>"}]},"apps":[],"jobName":"paragraph_1612434559273_-1619624038","id":"20210127-071046_672134150","dateCreated":"2021-02-04T10:29:19+0000","dateStarted":"2021-02-07T16:46:30+0000","dateFinished":"2021-02-07T16:46:30+0000","status":"FINISHED","progressUpdateIntervalMs":500,"$$hashKey":"object:28617"},{"text":"%md\n","user":"bd01","dateUpdated":"2021-02-07T13:23:36+0000","config":{"colWidth":12,"fontSize":9,"enabled":true,"results":{},"editorSetting":{"language":"scala","editOnDblClick":false,"completionKey":"TAB","completionSupport":true},"editorMode":"ace/mode/scala"},"settings":{"params":{},"forms":{}},"apps":[],"jobName":"paragraph_1612704216723_1048488628","id":"20210207-132336_1478356776","dateCreated":"2021-02-07T13:23:36+0000","status":"READY","progressUpdateIntervalMs":500,"$$hashKey":"object:28618"}],"name":"MEP / wdgubser / 600 Analysis Overview","id":"2FXTZWWGG","noteParams":{},"noteForms":{},"angularObjects":{"md:shared_process":[],"shUser:bd01:":[],"sh:shared_process":[],"jdbc:shared_process":[],"spark2:shared_process":[]},"config":{"isZeppelinNotebookCronEnable":false,"looknfeel":"default","personalizedMode":"false"},"info":{}}