﻿{"paragraphs":[{"text":"%md\n# System Architecture","user":"bd01","dateUpdated":"2021-02-04T10:28:56+0000","config":{"tableHide":false,"editorSetting":{"language":"markdown","editOnDblClick":true,"completionSupport":false},"colWidth":12,"editorMode":"ace/mode/markdown","fontSize":9,"editorHide":true,"results":{},"enabled":true},"settings":{"params":{},"forms":{}},"results":{"code":"SUCCESS","msg":[{"type":"HTML","data":"<div class=\"markdown-body\">\n<h1>System Architecture</h1>\n</div>"}]},"apps":[],"jobName":"paragraph_1612434536410_-16274547","id":"20210127-071031_1944670894","dateCreated":"2021-02-04T10:28:56+0000","status":"READY","errorMessage":"","progressUpdateIntervalMs":500,"focus":true,"$$hashKey":"object:7331"},{"text":"%md\n![alt text](http://hadoop.apache.org/docs/stable/hadoop-project-dist/hadoop-hdfs/images/hdfsarchitecture.png)","user":"bd01","dateUpdated":"2021-02-07T16:51:48+0000","config":{"editorSetting":{"language":"markdown","editOnDblClick":true,"completionSupport":false},"colWidth":12,"editorMode":"ace/mode/markdown","fontSize":9,"results":{},"enabled":true,"editorHide":true,"tableHide":false},"settings":{"params":{},"forms":{}},"apps":[],"jobName":"paragraph_1612434536412_-1948294336","id":"20210127-071046_672134150","dateCreated":"2021-02-04T10:28:56+0000","status":"FINISHED","progressUpdateIntervalMs":500,"$$hashKey":"object:7332","dateFinished":"2021-02-07T16:51:48+0000","dateStarted":"2021-02-07T16:51:48+0000","results":{"code":"SUCCESS","msg":[{"type":"HTML","data":"<div class=\"markdown-body\">\n<p><img src=\"http://hadoop.apache.org/docs/stable/hadoop-project-dist/hadoop-hdfs/images/hdfsarchitecture.png\" alt=\"alt text\" /></p>\n</div>"}]}},{"text":"%md\nBehind this analysis, there is a HDFS architecture. \n> HDFS has a master/slave architecture. An HDFS cluster consists of a single NameNode, a master server that manages the file system namespace and regulates access to files by clients. In addition, there are a number of DataNodes, usually one per node in the cluster, which manage storage attached to the nodes that they run on. HDFS exposes a file system namespace and allows user data to be stored in files. Internally, a file is split into one or more blocks and these blocks are stored in a set of DataNodes. The NameNode executes file system namespace operations like opening, closing, and renaming files and directories. It also determines the mapping of blocks to DataNodes. The DataNodes are responsible for serving read and write requests from the file system’s clients. The DataNodes also perform block creation, deletion, and replication upon instruction from the NameNode. (http://hadoop.apache.org/docs/stable/hadoop-project-dist/hadoop-hdfs/HdfsDesign.html)\n","user":"bd01","dateUpdated":"2021-02-07T16:54:28+0000","config":{"colWidth":12,"fontSize":9,"enabled":true,"results":{},"editorSetting":{"language":"scala","editOnDblClick":false,"completionKey":"TAB","completionSupport":true},"editorMode":"ace/mode/scala"},"settings":{"params":{},"forms":{}},"apps":[],"jobName":"paragraph_1612716708153_-1727068419","id":"20210207-165148_338084691","dateCreated":"2021-02-07T16:51:48+0000","status":"FINISHED","progressUpdateIntervalMs":500,"focus":true,"$$hashKey":"object:8287","dateFinished":"2021-02-07T16:54:28+0000","dateStarted":"2021-02-07T16:54:28+0000","results":{"code":"SUCCESS","msg":[{"type":"HTML","data":"<div class=\"markdown-body\">\n<p>Behind this analysis, there is a HDFS architecture. </p>\n<blockquote>\n  <p>HDFS has a master/slave architecture. An HDFS cluster consists of a single NameNode, a master server that manages the file system namespace and regulates access to files by clients. In addition, there are a number of DataNodes, usually one per node in the cluster, which manage storage attached to the nodes that they run on. HDFS exposes a file system namespace and allows user data to be stored in files. Internally, a file is split into one or more blocks and these blocks are stored in a set of DataNodes. The NameNode executes file system namespace operations like opening, closing, and renaming files and directories. It also determines the mapping of blocks to DataNodes. The DataNodes are responsible for serving read and write requests from the file system’s clients. The DataNodes also perform block creation, deletion, and replication upon instruction from the NameNode. (<a href=\"http://hadoop.apache.org/docs/stable/hadoop-project-dist/hadoop-hdfs/HdfsDesign.html\">http://hadoop.apache.org/docs/stable/hadoop-project-dist/hadoop-hdfs/HdfsDesign.html</a>)</p>\n</blockquote>\n</div>"}]}},{"text":"%md\n","user":"bd01","dateUpdated":"2021-02-07T16:54:09+0000","config":{"colWidth":12,"fontSize":9,"enabled":true,"results":{},"editorSetting":{"language":"scala","editOnDblClick":false,"completionKey":"TAB","completionSupport":true},"editorMode":"ace/mode/scala"},"settings":{"params":{},"forms":{}},"apps":[],"jobName":"paragraph_1612716849615_2018471275","id":"20210207-165409_1719916863","dateCreated":"2021-02-07T16:54:09+0000","status":"READY","progressUpdateIntervalMs":500,"focus":true,"$$hashKey":"object:8377"}],"name":"MEP / wdgubser / 300 System Architecture","id":"2FXNCZHCM","noteParams":{},"noteForms":{},"angularObjects":{"md:shared_process":[],"shUser:bd01:":[],"sh:shared_process":[],"jdbc:shared_process":[],"spark2:shared_process":[]},"config":{"isZeppelinNotebookCronEnable":false,"looknfeel":"default","personalizedMode":"false"},"info":{}}