﻿{"paragraphs":[{"text":"%md\n# Learnings","user":"bd01","dateUpdated":"2021-02-04T10:30:25+0000","config":{"tableHide":false,"editorSetting":{"language":"markdown","editOnDblClick":true,"completionSupport":false},"colWidth":12,"editorMode":"ace/mode/markdown","fontSize":9,"editorHide":true,"results":{},"enabled":true},"settings":{"params":{},"forms":{}},"results":{"code":"SUCCESS","msg":[{"type":"HTML","data":"<div class=\"markdown-body\">\n<h1>Learnings</h1>\n</div>"}]},"apps":[],"jobName":"paragraph_1612434625333_1231234789","id":"20210127-071031_1944670894","dateCreated":"2021-02-04T10:30:25+0000","status":"READY","errorMessage":"","progressUpdateIntervalMs":500,"focus":true,"$$hashKey":"object:35674"},{"text":"%md\n# Learnings regarding the Masterthesis\n* The first analysis shows, that heatpump is the major energy consuming device, followed by electric vehicles. The energy consumption of other devices such as dishwashers and washing machine largely varies accross households and depends on households preferences and behaviour. The energy consumption of other devices such as freezers, refrigerators and circulation pumps are rather stable accross households. \n* The second analysis shows, that pv generated energy can cover a large share of households overall energy consumption. Where as these installation produces the by far largest part of energy during middays in summer, they show a surprisingly substantial energy production also during middays in winter. \n* To estimate households energy consumption in my Masterthesis, I might need several datasets containing energy consumption as well as the properties of households and buildings such as household size or appartments area. \n\n# Learnings regarding Spark\nFar more important than the results, is to get to know the handling of PySpark and Zeppelin. \n\n## Challenges\n\n* I tried to preprocess the data with PySpark. It was quite challenging and tedious, thus I switched to the local machine and used Pandas. \n* Then, after a few days working with Zepellin and Spark, my Zeppelin crashed. Fortunately, I got backup files. \n\n## Learnings\n\n* In future projects, I will keep the things simple. I mainly work on the local machine with an IDE like PyCharm, that I am quite comfortable. However, if I ran into a big data problem, I got with Spark a solution in my backhand. \n* Further, I will do more local backups especially when working on virtual machines. \n* Thanks to the two big data lab courses, I got quite familiar with the (Linux) Terminal and will keep practicing. \n","user":"bd01","dateUpdated":"2021-02-07T15:19:47+0000","config":{"editorSetting":{"language":"markdown","editOnDblClick":true,"completionSupport":false},"colWidth":12,"editorMode":"ace/mode/markdown","fontSize":9,"results":{},"enabled":true,"editorHide":true,"tableHide":false},"settings":{"params":{},"forms":{}},"results":{"code":"SUCCESS","msg":[{"type":"HTML","data":"<div class=\"markdown-body\">\n<h1>Learnings regarding the Masterthesis</h1>\n<ul>\n  <li>The first analysis shows, that heatpump is the major energy consuming device, followed by electric vehicles. The energy consumption of other devices such as dishwashers and washing machine largely varies accross households and depends on households preferences and behaviour. The energy consumption of other devices such as freezers, refrigerators and circulation pumps are rather stable accross households.</li>\n  <li>The second analysis shows, that pv generated energy can cover a large share of households overall energy consumption. Where as these installation produces the by far largest part of energy during middays in summer, they show a surprisingly substantial energy production also during middays in winter.</li>\n  <li>To estimate households energy consumption in my Masterthesis, I might need several datasets containing energy consumption as well as the properties of households and buildings such as household size or appartments area.</li>\n</ul>\n<h1>Learnings regarding Spark</h1>\n<p>Far more important than the results, is to get to know the handling of PySpark and Zeppelin. </p>\n<h2>Challenges</h2>\n<ul>\n  <li>I tried to preprocess the data with PySpark. It was quite challenging and tedious, thus I switched to the local machine and used Pandas.</li>\n  <li>Then, after a few days working with Zepellin and Spark, my Zeppelin crashed. Fortunately, I got backup files.</li>\n</ul>\n<h2>Learnings</h2>\n<ul>\n  <li>In future projects, I will keep the things simple. I mainly work on the local machine with an IDE like PyCharm, that I am quite comfortable. However, if I ran into a big data problem, I got with Spark a solution in my backhand.</li>\n  <li>Further, I will do more local backups especially when working on virtual machines.</li>\n  <li>Thanks to the two big data lab courses, I got quite familiar with the (Linux) Terminal and will keep practicing.</li>\n</ul>\n</div>"}]},"apps":[],"jobName":"paragraph_1612434625335_969163440","id":"20210127-071046_672134150","dateCreated":"2021-02-04T10:30:25+0000","dateStarted":"2021-02-07T15:19:36+0000","dateFinished":"2021-02-07T15:19:36+0000","status":"FINISHED","progressUpdateIntervalMs":500,"$$hashKey":"object:35675"},{"text":"%md\n","user":"bd01","dateUpdated":"2021-02-07T15:00:00+0000","config":{"colWidth":12,"fontSize":9,"enabled":true,"results":{},"editorSetting":{"language":"scala","editOnDblClick":false,"completionKey":"TAB","completionSupport":true},"editorMode":"ace/mode/scala"},"settings":{"params":{},"forms":{}},"apps":[],"jobName":"paragraph_1612710000983_-1991587542","id":"20210207-150000_562633409","dateCreated":"2021-02-07T15:00:00+0000","status":"READY","progressUpdateIntervalMs":500,"$$hashKey":"object:35676"}],"name":"MEP / wdgubser / 800 Learnings","id":"2FW8QP8C7","noteParams":{},"noteForms":{},"angularObjects":{"md:shared_process":[],"shUser:bd01:":[],"sh:shared_process":[],"jdbc:shared_process":[],"spark2:shared_process":[]},"config":{"isZeppelinNotebookCronEnable":false,"looknfeel":"default","personalizedMode":"false"},"info":{}}